Clusters,OLS Base R²,OLS Base Test R²,OLS Ext Test R²,OLS Ext Train R²,OLS Ext RMSE,OLS Ext MAE,RF Base R²,RF Base Test R²,RF Ext R²,RF Ext Test R²,RF Ext RMSE,RF Ext MAE
2,0.7718793139879757,0.7449005391427879,0.774025114470004,0.7921951585739491,0.252915217238772,0.1937971969413231,0.8117099289195475,0.6570623620330669,0.8152266598647955,0.6570003306290944,0.3114204698653913,0.23830247692810233
4,0.7718793139879757,0.7449005391427879,0.7824676421674498,0.7970519709561131,0.2481457300690078,0.1857301748056129,0.8117099289195475,0.6570623620330669,0.8163168317247558,0.6553472466634096,0.312170011990153,0.2386556979868426
6,0.7718793139879757,0.7449005391427879,0.7649170129286005,0.7849055722170653,0.2579618442331893,0.19512144328886383,0.8117099289195475,0.6570623620330669,0.8162478136344744,0.656595652244994,0.31160412599379755,0.2381681850247284
8,0.7718793139879757,0.7449005391427879,0.7838992133495734,0.7998061084795509,0.2473278640219884,0.18726949617245967,0.8117099289195475,0.6570623620330669,0.8161183493722666,0.6554184359517339,0.3121377703955886,0.23950784331743022
10,0.7718793139879757,0.7449005391427879,0.7660367763835344,0.7856413398058686,0.25734674008167824,0.19573556818533797,0.8117099289195475,0.6570623620330669,0.8155751512731497,0.6550560234239974,0.3123018721957299,0.23926013392545845
12,0.7718793139879757,0.7449005391427879,0.7738258833110627,0.7933733313371539,0.253026684250519,0.19191251906249887,0.8117099289195475,0.6570623620330669,0.8169610575317617,0.6552040095962837,0.3122348739007237,0.2394224030777083
14,0.7718793139879757,0.7449005391427879,0.7668535208811651,0.7849358650675581,0.25689716025642434,0.19375691632301045,0.8117099289195475,0.6570623620330669,0.8174296469247241,0.6547660590762524,0.3124331071093574,0.23986219479663193
